#{"t_start": 1781167132.029883, "env_id": "None"}
r,l,t
-1.296862,300,7.868701
-1.404719,300,9.265072
2.000512,300,10.328062
53.69827,178,11.107329
53.863753,206,13.627814
-1.284997,300,14.722731
-1.73762,300,15.943295
-1.155993,300,19.520728
53.834355,160,20.222226
-1.532033,300,23.165665
-1.188334,300,24.286657
1.636397,300,25.507914
-1.981034,300,26.668573
53.22959,180,27.229013
-1.938882,300,30.058988
1.095816,300,33.488962
-1.144179,300,34.428419
-1.09982,300,35.196072
1.901766,300,38.054668
-1.059004,300,39.058985
-1.065881,300,39.827684
-1.044372,300,40.765606
-1.068467,300,45.885487
-1.575915,300,46.852962
-0.661786,300,47.837045
1.528452,300,48.949799
1.447159,300,51.672756
-0.774981,300,52.972201
-1.257453,300,56.273528
1.242224,300,57.20852
2.042818,300,59.84917
0.222906,300,60.775836
-0.771627,300,61.687599
1.405985,300,62.657313
1.953894,300,65.276463
2.199824,300,68.532016
52.707846,179,69.218908
-1.40393,300,70.070249
-0.977835,300,71.126088
53.588688,175,73.230896
53.625546,173,73.839174
-0.88236,300,74.712427
54.148311,162,75.282812
2.245781,300,76.212573
-2.106966,300,81.37126
0.929043,300,82.217815
-1.295692,300,83.120021
2.625208,300,84.072903
-1.453613,300,85.016073
53.305989,212,87.544693
-0.953566,300,88.566479
-0.686977,300,92.467505
2.280259,300,93.566671
-0.590368,300,96.267931
1.858343,300,97.183481
2.311418,300,98.108438
-1.417745,300,99.095046
-2.452511,300,101.91467
-1.820708,300,105.425607
-1.475668,300,106.401286
52.838269,211,106.979499
-1.208651,300,108.058767
0.974729,300,110.510592
2.445745,300,111.541996
2.027012,300,112.52023
1.775934,300,116.286758
53.422187,214,118.544046
2.27233,300,119.498273
-1.234137,300,120.349658
-0.818716,300,121.409561
-1.012255,300,124.078707
-4.390559,300,125.039996
-3.965246,300,128.26551
-0.679229,300,129.57928
-2.004038,300,130.74441
-1.688886,300,133.393963
53.658382,167,133.911171
-1.246492,300,134.870197
2.195483,300,135.745177
2.025403,300,140.458577
-1.034983,300,141.443062
-0.212991,300,142.487889
1.333318,300,143.310092
-1.270987,300,145.671992
-1.048252,300,146.685051
2.646931,300,147.666014
-2.286154,300,151.309838
52.520049,174,151.849537
-1.443855,300,154.731973
-1.708712,300,155.639434
-2.179647,300,156.656666
-1.106708,300,157.583355
53.541221,178,159.851944
53.956318,169,160.340647
50.731374,219,163.674393
-1.246895,300,164.69134
-1.261421,300,165.653888
-0.720899,300,168.297135
3.115659,300,169.24529
2.061704,300,170.272241
53.860588,192,170.846334
2.680638,300,171.834984
52.705566,192,176.553579
53.668887,187,177.156222
-2.53329,300,178.129073
-1.497893,300,179.041203
-1.321078,300,179.993491
2.60655,300,182.941457
-0.651454,300,183.80949
53.29374,198,186.743321
-2.895049,300,187.668316
-0.946164,300,190.176366
-1.441598,300,191.153548
52.819357,171,191.710404
2.234499,300,192.666465
2.775858,300,193.596517
-0.988669,300,196.20556
53.798564,183,199.178644
-0.93103,300,200.181061
4.014829,300,201.206786
54.091391,165,201.745062
2.315,300,204.40073
1.617314,300,205.293855
2.569248,300,206.259048
-0.721936,300,209.501408
53.412886,181,211.841109
-1.490324,300,212.671902
2.468758,300,213.655518
0.6576,300,214.57938
-1.864425,300,215.584006
52.441454,189,217.913906
-1.240468,300,218.935598
53.578871,190,221.940248
53.315648,200,222.597332
-0.928188,300,223.712021
-1.688275,300,226.642348
-0.9536,300,227.505479
-1.343811,300,228.688854
3.005669,300,229.827317
53.298818,175,232.308386
-1.537746,300,235.760389
-0.993996,300,236.84739
1.946669,300,238.030068
53.424895,166,238.586861
-1.28582,300,241.218878
1.956159,300,242.31408
0.571378,300,243.43984
54.047566,170,243.998933
-1.900593,300,247.310291
53.476549,161,249.63877
-0.959715,300,250.71814
-1.363307,300,251.708492
-0.835795,300,252.647515
52.1382,172,253.280956
-1.164336,300,255.855299
-1.501228,300,259.235144
54.10544,161,259.844696
53.399719,149,260.428887
53.248548,193,261.227388
54.153167,154,261.739441
2.695019,300,264.336015
2.870027,300,265.321428
-1.492057,300,266.374095
53.000083,149,266.836582
52.830635,182,267.48435
-1.430287,300,272.799253
-1.209313,300,273.964698
53.743436,166,274.479214
1.225128,300,275.440679
52.345596,179,276.007165
52.496213,173,278.266038
1.741539,300,279.305213
2.041993,300,280.193014
-1.121844,300,283.644173
-2.548214,300,286.636425
-1.303268,300,287.640038
53.409375,169,288.309453
2.681567,300,289.258146
-0.927554,300,290.251494
-0.604502,300,292.906514
-5.592013,300,296.334887
53.447358,167,296.827864
-1.116082,300,297.613104
-0.651421,300,298.5023
1.160298,300,301.280268
1.401984,300,302.163981
2.828688,300,303.110077
2.821914,300,304.099021
53.1939,163,308.722014
-1.075088,300,309.773513
-1.158155,300,310.788278
0.686913,300,311.956764
52.860256,168,312.466428
-1.108635,300,315.191518
-1.962423,300,315.994582
-1.743871,300,319.068288
52.624662,186,319.765704
-0.825618,300,322.77789
-0.871908,300,323.951391
2.592519,300,325.098239
1.728207,300,326.16183
2.072522,300,328.997758
-1.62002,300,332.307781
-2.341394,300,333.391247
-1.100633,300,334.551143
-1.550854,300,335.509487
0.839511,300,338.484846
-0.77491,300,339.561469
52.801573,206,340.198176
2.57105,300,341.275071
1.072305,300,346.667754
52.799895,171,347.353251
52.858968,191,347.967278
-0.885921,300,348.851435
2.547276,300,349.912828
2.689685,300,352.715766
1.534934,300,353.721175
52.912122,170,354.387405
52.170123,189,357.347355
53.777384,188,357.989569
53.222985,171,358.549407
1.309273,300,361.348009
52.176409,179,362.153001
53.051525,194,363.14104
1.893408,300,364.181752
52.820387,168,365.061892
-1.022417,300,368.234284
0.920155,300,371.790974
1.305215,300,372.79946
0.266739,300,373.784775
53.852671,162,374.331599
-1.011553,300,376.792437
-4.043226,300,377.792758
0.487395,300,378.637832
53.414029,168,379.194102
53.470388,181,382.147291
53.748364,174,384.497124
-1.648426,300,385.52253
2.658759,300,386.40737
-1.042319,300,387.240376
-1.234501,300,389.929617
-2.182524,300,390.93714
1.395307,300,394.462947
-0.785048,300,395.372336
-1.806164,300,396.316805
-1.117869,300,399.129571
-1.033968,300,400.188119
53.425526,211,401.013145
-1.143685,300,401.92817
-1.208378,300,407.247844
51.629579,234,407.960206
-0.994366,300,408.844211
-1.742465,300,409.905027
53.397822,211,410.517999
-0.692727,300,413.275797
-0.951398,300,414.274527
-0.784425,300,415.156357
-0.903709,300,418.529852
53.352931,226,421.038548
0.402737,300,422.057342
2.377876,300,423.081633
-1.577347,300,424.081114
52.107243,232,424.803509
-1.477612,300,427.187818
-1.962769,300,430.787245
-1.580188,300,431.903152
1.485961,300,432.964709
-1.867227,300,435.81689
-1.209382,300,436.728596
-1.272546,300,437.745066
-1.608301,300,438.67822
1.753961,300,443.877017
52.922666,171,444.401017
53.455347,180,444.999378
-2.433989,300,446.224179
-1.175784,300,447.140311
-1.133565,300,449.760735
-1.358248,300,450.72089
0.502116,300,453.896346
53.37239,183,454.473803
-1.041912,300,457.10639
2.232462,300,458.138304
-1.126118,300,459.082845
-1.635601,300,460.259665
52.76696,180,460.822622
2.215696,300,463.88694
53.615715,172,464.569387
-1.063802,300,467.839462
3.063268,300,468.754352
0.881422,300,469.555988
0.826491,300,472.200499
52.947541,201,473.063645
53.220869,181,473.683294
-0.091588,300,474.911631
-1.049137,300,480.12068
1.226105,300,481.158555
1.641944,300,482.180718
-0.784894,300,483.256423
-1.651435,300,484.224757
53.67086,176,486.472339
1.593806,300,487.639222
52.759651,183,488.327426
3.034637,300,491.811117
-1.750368,300,492.857321
-2.793557,300,495.396698
52.556274,180,496.086293
53.758319,171,496.75408
-2.025317,300,497.765068
52.658406,188,498.392099
52.780973,220,500.829724
-1.317457,300,504.117447
-1.167327,300,505.170796
53.072816,203,505.816517
-1.496682,300,506.723368
1.42913,300,509.467194
-1.784916,300,510.567974
52.957382,195,511.14388
-1.077058,300,514.544158
52.643688,191,515.171783
-2.166229,300,517.832034
-1.353804,300,518.814869
-1.050697,300,519.842184
53.966563,198,520.661758
53.426134,158,521.219503
52.391989,170,523.356054
52.982069,168,523.940366
53.968307,158,524.475514
52.951351,173,527.468069
52.805514,268,528.346537
1.064042,300,529.412902
53.115459,185,531.481726
-1.585479,300,532.453044
-1.056239,300,533.386232
53.869443,191,534.100209
53.394771,145,534.547298
-1.027487,300,539.384489
-1.392758,300,540.382796
-2.591656,300,541.29889
53.370972,167,541.829606
-1.587487,300,542.799122
-1.04755,300,545.231134
-0.733382,300,546.155736
0.714235,300,547.191075
1.467844,300,550.673127
-1.207975,300,553.160655
-0.574865,300,554.205721
-1.109845,300,555.140132
53.64076,177,555.718856
-0.618946,300,558.178451
2.433668,300,559.213404
52.751761,174,562.163786
-1.721164,300,563.286811
53.627059,169,564.11689
53.833558,168,564.682102
0.347873,300,567.428062
52.439702,163,568.335265
-1.264441,300,569.190609
-0.710148,300,570.102789
53.214782,199,570.823257
-2.240397,300,575.858971
2.634896,300,577.200447
-1.3148,300,578.308186
-1.831499,300,579.380702
-1.681192,300,581.808996
3.42937,300,582.604233
2.12047,300,583.474563
-1.266245,300,586.882588
-0.841005,300,589.503426
-1.888428,300,590.546752
2.507789,300,591.56207
-2.176442,300,592.469894
2.489199,300,594.978367
-1.318333,300,595.866899
-0.957035,300,599.272174
1.100872,300,600.503574
-0.758128,300,601.708017
53.387009,160,603.911135
2.159782,300,605.014553
2.051683,300,606.146376
-1.276134,300,607.056838
3.1643,300,612.213728
53.514381,167,612.763772
-1.635012,300,613.87256
-2.278194,300,614.964948
2.29645,300,616.047701
52.861439,179,618.355606
1.671047,300,619.388864
2.181763,300,620.348991
-1.339741,300,623.728102
-1.816201,300,626.321252
2.189862,300,627.456327
-0.786762,300,628.431204
53.27469,192,629.071374
2.774987,300,630.185386
-1.655851,300,632.780624
52.403251,161,635.682124
-1.978203,300,636.701597
53.167684,157,637.262314
2.849844,300,638.283239
1.857717,300,640.844127
-1.219664,300,641.821904
-1.089527,300,642.809805
53.558134,162,643.369878
2.978986,300,646.815356
1.619071,300,649.167424
-1.212198,300,650.226455
53.778305,163,650.792392
1.733415,300,651.738363
-1.501169,300,654.257202
53.511985,154,654.716943
53.733588,155,655.185615
-1.800253,300,658.847683
-1.370338,300,659.84954
53.155447,209,660.673678
52.081864,206,662.765374
-2.135327,300,663.788606
-1.785698,300,664.7445
-0.958746,300,665.812456
-1.586214,300,668.390421
2.691808,300,671.781057
-1.574658,300,672.666385
53.91073,240,673.510147
-1.381672,300,674.322869
2.463728,300,676.892269
-2.519064,300,677.772987
-1.977419,300,678.695412
-6.18855,300,681.985791
1.232725,300,684.502761
2.038249,300,685.483667
52.232243,225,686.165608
-1.021814,300,687.102419
1.506234,300,689.633875
-2.023444,300,690.573737
-2.133524,300,693.816492
52.92604,194,694.41246
2.416169,300,695.35078
-3.29678,300,698.046454
-0.809632,300,699.348231
-1.094723,300,700.434467
-3.280762,300,701.441106
-1.160526,300,706.564104
1.337995,300,707.563686
3.278913,300,708.490959
-1.179266,300,709.390756
2.592718,300,711.991986
-1.301288,300,712.990069
1.981229,300,713.962343
53.589713,186,717.071538
2.674026,300,718.053961
53.713281,191,720.262321
-1.542715,300,721.198229
53.039657,178,721.770202
52.028261,227,722.432391
52.497888,170,722.977707
-0.654747,300,725.634815
-1.795327,300,729.196926
-2.132769,300,730.822549
-1.588287,300,731.877585
-1.445717,300,734.508101
-1.61987,300,735.550272
0.318096,300,736.689173
53.727826,155,737.495094
52.982678,177,738.267869
-1.761736,300,743.138452
-1.28002,300,744.028558
-1.899385,300,744.941161
53.365072,160,745.437957
53.080213,163,745.939844
52.653954,167,746.412581
-1.647555,300,748.688825
-1.403893,300,749.735607
1.845156,300,753.142811
-1.708634,300,754.293336
3.815871,300,757.1009
-0.760234,300,758.091322
2.974171,300,759.018275
-1.872566,300,760.177972
-2.498444,300,762.876459
53.736293,156,763.444784
53.873995,142,766.30099
52.062787,207,766.974268
1.847582,300,767.937399
1.951643,300,768.916656
2.041221,300,771.529897
52.985767,182,772.088895
1.619452,300,773.078392
-2.788924,300,774.20246
-1.291381,300,779.200444
53.165554,168,779.661896
54.05283,163,780.164568
-0.842364,300,781.172846
53.786652,150,781.583555
1.696364,300,782.493639
53.307266,172,784.77601
53.444128,188,785.340896
52.537645,176,785.839515
52.556109,162,786.325223
0.630964,300,789.874551
-4.66209,300,791.063398
-1.537678,300,793.767411
53.722747,149,794.285854
3.132328,300,795.232575
1.972223,300,796.420483
-1.375741,300,798.911454
-1.651996,300,802.873891
2.387165,300,803.971978
3.042825,300,804.823858
0.969396,300,807.362745
3.331967,300,808.23457
-1.675119,300,809.075112
-1.510091,300,809.836575
1.141308,300,813.239703
-1.062676,300,815.741909
2.29284,300,816.688413
1.763863,300,817.715093
-1.902662,300,818.600533
-1.382124,300,821.278324
-1.228135,300,822.156982
52.574234,169,825.175324
53.138983,190,825.801199
53.785814,156,826.22395
2.850584,300,828.831597
2.366944,300,829.791529
2.095906,300,830.679317
3.16206,300,831.520216
-0.489906,300,833.991583
3.209536,300,837.27662
2.801841,300,838.168832
-1.560084,300,838.943374
2.777131,300,839.85585
2.815997,300,842.017835
-0.445524,300,842.952874
53.24791,181,843.498454
53.832162,166,846.227435
53.976887,166,846.721406
3.001003,300,849.255675
52.507416,194,849.83849
53.794491,262,850.769275
-1.37033,300,851.713558
-1.265477,300,852.730499
53.100246,164,854.905623
54.15833,146,855.437477
54.026566,256,858.768092
-0.783908,300,859.80134
2.772717,300,860.97482
-2.801221,300,863.377205
2.889524,300,864.351306
-1.240539,300,865.225426
1.968169,300,866.114331
53.846695,179,869.057122
-1.987416,300,871.509999
53.837029,173,872.063409
53.479468,165,872.625799
52.287827,227,873.470531
2.036141,300,874.545056
2.481744,300,876.793517
3.077133,300,877.794353
2.400402,300,881.183718
-1.292967,300,882.310069
54.025272,165,884.526502
-3.022,300,885.495501
53.426406,262,886.330731
0.626112,300,887.395452
-1.467858,300,888.459742
-1.338838,300,890.894887
1.4399,300,894.146338
2.142896,300,895.194283
3.483864,300,896.102143
52.966435,170,898.049516
-1.608746,300,899.001055
2.841255,300,899.934981
-1.322184,300,901.058696
54.083577,152,901.548233
1.383642,300,906.279042
-1.905793,300,907.233061
3.413404,300,908.233968
53.485571,225,909.005946
52.894743,172,909.550546
1.780514,300,911.76472
-0.72975,300,912.671041
-1.492774,300,915.892317
-1.562992,300,916.763644
3.975806,300,919.074329
-1.458306,300,919.871349
54.13177,151,920.318353
52.834487,193,920.845133
54.006764,139,921.161577
54.131077,152,921.525328
52.795894,168,922.134128
1.171723,300,926.741361
53.984654,160,927.188366
-1.008521,300,928.107167
-1.569692,300,929.084535
1.892838,300,931.413094
53.217706,147,931.833706
-1.559264,300,932.830909
0.319142,300,933.794324
52.276389,165,936.577668
-1.394907,300,938.825689
52.609257,149,939.298801
51.226357,163,939.767626
53.87858,136,940.209035
52.786155,211,940.981403
53.184105,188,941.565403
53.264102,150,942.013761
53.93236,204,944.099383
52.627452,193,944.636018
54.072441,165,945.132897
-2.017903,300,948.243477
0.602652,300,949.092054
52.382098,160,949.561496
54.009262,158,951.428422
51.750613,166,951.86462
53.061948,172,952.358172
53.207113,194,952.958858
54.033503,167,953.515231
-1.365492,300,954.385699
53.566431,154,954.83127
-1.172533,300,959.59114
3.116514,300,960.397235
54.007262,157,960.892636
-1.721686,300,961.87664
53.68721,219,962.753728
4.068702,300,964.95743
-1.315018,300,965.754156
53.942244,162,966.241247
-1.673544,300,969.592587
53.342548,295,971.981762
54.003974,157,972.47073
53.420477,197,973.26627
2.785401,300,974.244148
53.843103,184,974.868207
54.048513,148,975.346094
1.033737,300,978.025769
53.145589,248,978.841407
53.822781,157,981.776926
2.198594,300,982.651292
2.684629,300,983.630566
2.00373,300,986.261292
3.183569,300,987.3447
54.087735,152,987.8986
52.656496,273,988.758214
54.060423,156,989.298791
-2.279024,300,994.069372
53.804099,143,994.465181
-0.83948,300,995.400357
-1.164844,300,996.390048
-1.53978,300,997.331582
51.860191,168,999.242428
53.700682,162,999.674601
53.798124,161,1000.151215
2.741086,300,1001.140082
2.871297,300,1004.288416
-1.485575,300,1007.158289
53.982227,167,1007.635977
2.214356,300,1008.68185
-1.232733,300,1009.75524
53.492144,206,1010.395083
2.925948,300,1013.342478
2.580071,300,1017.280051
-1.060719,300,1018.495764
-2.245153,300,1019.782714
-1.81179,300,1022.426648
2.628779,300,1023.608696
2.008411,300,1024.701109
2.748292,300,1025.709514
52.436088,298,1029.345335
-1.264447,300,1032.200588
53.464645,170,1032.778732
-2.055861,300,1033.596664
-2.220782,300,1034.35126
-1.786531,300,1038.074056
-1.489497,300,1038.927791
2.573272,300,1049.896931
53.583035,160,1050.332482
-1.471227,300,1051.439509
53.227298,149,1053.643779
2.197055,300,1054.469854
-0.598881,300,1055.225175
53.113256,160,1055.696792
52.637967,208,1056.364926
2.420882,300,1059.2998
1.935774,300,1068.288856
53.421552,128,1068.777604
1.955325,300,1069.923955
53.387003,161,1070.558274
-1.107626,300,1071.895964
-1.717051,300,1155.566883
53.398855,139,1156.057141
-1.088528,300,1157.237815
53.843193,165,1157.665434
-1.769795,300,1161.255246
54.051067,181,1163.436081
53.407532,173,1163.913393
-1.57155,300,1164.748753
-1.661491,300,1165.740352
53.651792,155,1166.447279
53.460676,165,1167.228038
-1.695154,300,1170.022119
-1.353089,300,1173.642123
-0.619241,300,1174.341612
2.790508,300,1175.169584
-1.80228,300,1178.118647
2.468681,300,1179.465291
53.547127,244,1180.192447
-1.081421,300,1181.369937
2.445928,300,1184.082722
53.557949,158,1186.932025
-1.57512,300,1188.045195
-1.494182,300,1189.067684
53.623591,178,1189.661788
-2.329737,300,1191.911665
2.590685,300,1193.019219
-2.825291,300,1194.132671
-1.535346,300,1197.838942
52.819858,196,1198.684751
52.546477,181,1200.956696
2.829658,300,1202.078322
53.328921,185,1202.690588
1.867592,300,1203.456627
53.848365,144,1203.881723
53.36774,166,1204.410202
-0.981452,300,1206.862313
2.952837,300,1210.315091
-1.686918,300,1211.365842
3.335025,300,1212.299162
-1.715938,300,1214.971268
53.015307,215,1215.723767
53.83123,165,1216.374211
3.236808,300,1217.388807
3.099298,300,1218.432556
3.143638,300,1222.956803
0.987765,300,1223.854643
54.071154,137,1224.309072
3.296822,300,1225.273452
2.134885,300,1227.355474
1.948815,300,1228.225173
3.237593,300,1229.16394
-0.671098,300,1232.40057
3.218529,300,1233.104536
-1.818558,300,1235.222896
53.575006,157,1235.613991
51.531809,165,1235.971909
1.335292,300,1236.69863
53.307815,195,1237.179777
51.982974,159,1238.832497
-1.639049,300,1239.792041
-2.10127,300,1243.022941
53.811079,203,1243.753244
2.768476,300,1244.819162
2.943826,300,1247.170003
51.994399,208,1247.81663
-1.409068,300,1248.735221
2.531349,300,1249.748999
-1.40532,300,1254.108347
52.730631,215,1254.729037
53.859461,182,1255.378384
2.447359,300,1256.297311
52.342221,159,1256.778385
53.78269,157,1257.318024
2.21315,300,1259.608973
-1.131479,300,1260.817634
3.42508,300,1262.045289
53.023329,165,1264.873813
53.201967,159,1265.622691
54.078978,160,1266.191623
2.378018,300,1268.674041
54.014801,166,1269.434796
2.096584,300,1270.452485
53.71533,157,1271.106731
-2.496371,300,1272.362993
-1.471876,300,1274.717224
53.513806,235,1277.798429
54.056201,153,1278.260078
53.485072,289,1279.123168
51.453913,234,1279.817107
53.891928,169,1281.771552
2.509005,300,1282.578206
-1.138292,300,1283.407199
-1.510575,300,1284.261676
-1.303696,300,1287.480143
53.984827,149,1289.348921
53.241817,158,1289.840834
3.086768,300,1291.090692
53.907397,192,1291.803295
-1.363402,300,1292.606069
-1.159721,300,1294.746067
52.975903,168,1295.220795
1.822666,300,1296.072126
-1.658405,300,1299.163643
53.947097,184,1299.661436
2.933378,300,1302.000627
53.612453,164,1302.524883
53.342618,166,1303.036268
53.461335,159,1303.514011
53.039163,165,1304.025487
-1.598098,300,1304.894568
53.975542,143,1305.338772
2.90298,300,1309.889297
53.349892,154,1310.524615
54.077136,134,1311.053938
-1.445047,300,1312.12774
-1.640491,300,1313.230944
3.241233,300,1315.616581
-1.934715,300,1316.852349
53.362825,176,1317.5293
2.090301,300,1320.895588
54.027206,156,1321.557632
54.041533,161,1323.605819
53.433131,156,1324.231074
54.068428,162,1324.82147
-1.294701,300,1325.677147
53.932798,163,1326.222724
54.240522,145,1326.800346
-0.977421,300,1329.183442
2.471507,300,1330.44998
54.324395,137,1330.923726
3.135868,300,1334.136228
-1.590205,300,1335.289851
54.12049,164,1335.877236
-1.177791,300,1338.285507
53.511613,153,1338.784249
1.171495,300,1339.627885
54.005391,216,1340.166184
2.875769,300,1342.577786
2.855155,300,1345.576121
2.556472,300,1346.644834
-1.158927,300,1347.700257
54.09771,152,1348.285982
54.037498,165,1348.882207
-1.830469,300,1351.086815
-1.769881,300,1352.187401
53.854008,155,1352.80101
54.045927,167,1356.838631
-1.824501,300,1358.019139
53.813616,189,1360.70287
2.859079,300,1362.163604
-1.259165,300,1363.567003
-1.697108,300,1365.323634
-1.856679,300,1368.614605
53.504495,185,1369.76733
2.808485,300,1373.875793
-1.40407,300,1375.488928
53.517184,143,1376.162596
-1.480193,300,1379.502713
-1.308934,300,1380.859242
53.504258,139,1381.597465
-1.830319,300,1383.130936
-2.404592,300,1384.906307
-0.988527,300,1390.940832
53.12192,147,1391.739824
-1.720085,300,1393.242339
53.56256,152,1394.023497
53.19953,143,1394.747591
-1.066554,300,1396.282727
3.045966,300,1399.476142
1.731919,300,1401.043407
-1.494033,300,1405.321613
53.956762,139,1405.918961
-1.730907,300,1408.59479
54.180133,160,1409.32383
1.041201,300,1410.828074
53.650973,152,1411.48514
-1.316571,300,1413.089233
1.409339,300,1414.560123
2.303094,300,1420.458319
53.329085,152,1421.140014
-1.199365,300,1422.593882
-1.835986,300,1424.043416
53.318427,185,1424.935862
53.80707,151,1427.49431
54.148699,140,1428.30268
1.002898,300,1430.062229
2.207147,300,1431.530402
53.923146,161,1432.460001
54.16384,153,1436.048783
-1.467351,300,1438.871887
-1.326503,300,1440.41608
53.85128,145,1441.058779
-0.961134,300,1442.504348
53.732967,147,1443.210524
-1.959846,300,1446.175234
2.794318,300,1447.61293
53.860871,190,1451.534582
2.069199,300,1452.987036
-1.324287,300,1456.103644
53.902057,156,1456.856776
-1.198074,300,1458.470979
-1.642188,300,1459.879624
-1.446111,300,1461.36514
0.617302,300,1464.526484
-1.661651,300,1468.744785
2.912239,300,1469.789569
1.345233,300,1471.241558
-1.060367,300,1474.17799
3.299892,300,1475.667016
2.875564,300,1477.175277
2.791813,300,1478.7891
53.875109,140,1482.272943
2.831818,300,1485.179653
2.916829,300,1486.63653
2.207731,300,1488.237613
-1.153063,300,1489.850458
52.80943,148,1490.672406
52.322611,159,1492.883276
53.756058,155,1493.64935
-2.103249,300,1497.842917
-2.09706,300,1499.506582
-1.719268,300,1500.70475
2.615485,300,1503.590533
-1.368022,300,1505.013465
3.239081,300,1506.341756
53.497972,270,1507.702
53.508329,154,1508.634183
53.916797,149,1513.7636
53.937443,149,1514.501126
-1.673251,300,1516.438426
53.577803,185,1517.484782
53.695649,153,1518.402507
53.001411,179,1519.252908
53.364955,166,1521.335957
54.236806,141,1521.977034
52.851121,237,1523.035473
53.297227,150,1523.707717
54.162266,140,1524.443051
52.489049,170,1525.253502
2.240869,300,1529.440951
1.905029,300,1532.224574
53.162918,271,1533.424808
54.012602,151,1534.051041
53.403314,172,1534.893342
2.151184,300,1536.230109
-1.035819,300,1538.673317
52.720697,149,1539.193016
2.440415,300,1543.143674
53.401676,147,1543.657056
1.458873,300,1544.62559
53.252003,288,1547.299224
54.199385,164,1547.951328
2.495113,300,1549.419996
52.920725,187,1550.32029
-2.631593,300,1551.668534
-1.75515,300,1557.236919
54.240154,137,1557.903572
-1.590637,300,1559.305175
54.14886,157,1560.100479
52.136276,161,1560.907961
-1.877765,300,1562.501782
2.08923,300,1565.851875
53.140255,166,1566.996611
53.926113,162,1568.128228
2.282785,300,1573.219358
-3.409348,300,1574.614708
52.437066,228,1577.41843
52.919812,160,1577.939456
53.696451,157,1578.586238
52.801001,152,1579.453941
53.376119,157,1580.269083
0.20919,300,1581.983437
52.76896,212,1582.856121
2.948843,300,1586.614299
2.144113,300,1591.52996
53.594037,160,1592.150598
54.019532,150,1592.913608
-1.556064,300,1594.138472
53.425621,212,1596.526078
2.194545,300,1598.22431
-1.826012,300,1599.84473
53.468035,150,1600.567325
53.988352,277,1605.505904
53.684089,173,1608.055149
54.015937,164,1608.899775
54.255699,161,1609.630612
53.192339,156,1610.331099
54.113329,143,1611.139532
53.609585,290,1612.433774
-1.44355,300,1615.748581
1.455859,300,1617.023163
53.2666,148,1617.63061
52.4953,142,1622.066766
52.997343,175,1622.88681
-1.774711,300,1624.310789
0.704369,300,1627.056319
54.111898,154,1627.98491
1.146545,300,1629.397312
53.613246,135,1630.165324
53.303609,296,1631.530467
51.408858,169,1632.430987
-1.445546,300,1637.957714
53.499752,141,1638.569317
53.14882,157,1639.273276
0.871984,300,1640.762763
2.495388,300,1642.253976
53.319247,187,1644.412905
53.859953,155,1645.30837
54.052951,154,1646.0048
53.484052,152,1646.763153
52.972999,165,1647.654997
2.754199,300,1652.091298
54.149852,145,1652.841084
54.188929,140,1655.194113
54.233707,152,1655.877838
2.527182,300,1657.07218
53.342864,232,1658.524907
2.903131,300,1660.024677
53.452126,152,1660.767127
52.81464,159,1662.801036
-1.81843,300,1664.27002
54.11078,166,1667.829287
1.291699,300,1669.441192
2.418045,300,1671.400244
53.884779,150,1674.026818
-1.077891,300,1675.875204
2.335983,300,1677.429133
54.037922,142,1678.214565
1.974937,300,1679.979412
52.677,245,1685.69111
54.147004,131,1686.527451
54.120752,157,1687.180074
2.597592,300,1688.550312
0.817882,300,1690.267358
52.653053,153,1691.371133
54.3153,139,1693.840832
53.449233,148,1694.562956
54.000492,165,1695.317418
-1.600918,300,1696.84312
53.638468,144,1697.686911
1.752273,300,1703.245311
54.279914,146,1705.960341
1.774213,300,1707.515027
-0.904356,300,1709.570104
-1.388292,300,1711.615334
3.632831,300,1713.309186
51.791333,160,1715.803898
-1.858608,300,1717.612991
-1.633763,300,1722.253436
-1.673668,300,1723.547138
52.213327,146,1724.116591
-1.077055,300,1727.467048
-1.551467,300,1728.687292
53.66495,141,1729.454199
2.312851,300,1730.671847
3.617699,300,1737.524258
-1.494405,300,1738.789382
54.166869,142,1739.406877
53.699022,140,1740.066859
51.675557,166,1740.729658
-1.639483,300,1741.896014
-1.032977,300,1744.914395
53.235673,178,1745.692055
2.431887,300,1746.91375
52.484657,173,1747.499066
3.412605,300,1751.194838
-2.668115,300,1753.812468
3.182155,300,1754.79395
-1.805583,300,1755.933827
52.312294,289,1757.090148
2.777052,300,1759.841719
53.526159,187,1760.531157
-1.996986,300,1764.189582
54.128087,146,1764.643074
3.049592,300,1765.59263
53.665498,256,1766.405774
53.978807,155,1768.139102
53.242014,141,1768.567013
53.620895,126,1768.955687
52.313681,215,1769.653028
3.226342,300,1770.601696
52.429397,146,1771.090055
53.087464,277,1775.902476
1.406854,300,1776.848323
54.335506,143,1777.288103
-0.605879,300,1778.291425
2.949921,300,1779.631046
53.853554,152,1781.99679
51.580612,203,1782.928723
54.286508,133,1783.617282
-1.554018,300,1788.569771
1.595611,300,1789.935425
-1.907161,300,1793.016003
-0.946718,300,1794.559883
-1.263514,300,1796.060244
53.604143,169,1796.871242
3.296518,300,1798.310858
53.015647,138,1798.959713
53.429268,149,1801.120248
53.521326,144,1804.556541
51.99836,180,1805.639414
54.251968,152,1806.37366
53.215255,148,1807.010659
54.007594,165,1808.015936
53.908306,157,1808.808452
1.909719,300,1811.470201
-1.204908,300,1812.849485
54.126573,176,1813.864424
53.295228,152,1814.493677
-1.787552,300,1818.779643
-2.273537,300,1821.558055
-2.227696,300,1823.057663
53.093162,161,1823.893272
53.257416,149,1824.698092
-5.037665,300,1826.156897
54.105154,162,1826.981699
2.761634,300,1829.86679
53.273664,156,1830.691976
2.347309,300,1835.070249
52.624759,196,1836.100413
53.050505,168,1836.923072
54.266449,148,1837.768983
-1.276993,300,1840.900059
-1.615311,300,1842.590208
54.126362,143,1843.334604
52.907053,138,1844.064501
53.330383,160,1844.894604
-1.676683,300,1847.707863
53.818614,162,1851.507192
53.897863,154,1852.310427
-1.356717,300,1853.942013
54.215871,133,1854.604854
54.163861,158,1855.440749
53.891026,164,1856.320152
54.035249,148,1858.460692
-2.864191,300,1860.023601
54.016704,157,1860.866018
53.46638,162,1861.656625
54.256097,145,1862.478696
-1.288054,300,1867.182584
53.206973,159,1868.104142
53.291143,164,1870.452103
53.685258,154,1871.313435
53.446756,162,1872.209269
52.749231,291,1873.690969
-2.35223,300,1874.778603
52.814076,170,1875.691271
54.150521,156,1877.899155
54.098627,148,1878.697282
-1.725983,300,1883.19413
54.397404,136,1883.881
53.654713,158,1884.71681
-1.589503,300,1886.361632
2.840848,300,1889.288168
54.285925,136,1889.991229
0.749449,300,1891.52869
-1.632068,300,1893.135929
-1.452534,300,1899.108084
53.679198,139,1899.758895
53.719244,154,1900.575292
54.229867,145,1901.312617
-2.397091,300,1902.865448
54.267978,143,1903.637604
53.326393,129,1904.306305
-2.045114,300,1907.132444
53.866849,158,1907.966462
54.41883,124,1908.605085
1.582209,300,1910.214667
-1.191209,300,1914.505365
53.395092,253,1915.713892
53.670763,132,1917.835727
-1.411674,300,1919.011634
-3.192636,300,1920.182568
2.660663,300,1921.117475
3.246231,300,1923.504611
53.926409,153,1924.160508
54.367239,148,1924.799312
53.458419,147,1928.464953
-1.799578,300,1929.525546
53.001097,146,1930.163482
2.36378,300,1931.217814
54.210929,150,1933.228113
-0.957625,300,1934.423293
-2.137352,300,1935.31955
-1.055949,300,1936.305827
54.354109,140,1939.801736
2.579871,300,1942.728927
-1.023732,300,1944.304695
-1.352164,300,1945.876204
-1.668271,300,1947.325042
54.18607,141,1949.679871
53.749716,153,1950.529492
53.413058,150,1951.193484
52.874569,136,1951.863998
53.816141,147,1952.735409
52.631965,153,1956.680979
54.260637,154,1957.636187
53.891572,158,1958.634487
53.002297,188,1961.386892
53.921864,150,1962.170922
53.512294,138,1962.986158
54.136492,153,1963.823649
54.132712,135,1964.498075
53.229251,141,1965.493499
54.308526,157,1966.292142
-1.794171,300,1967.860518
54.169039,155,1970.565669
53.857235,160,1971.630453
54.08649,139,1975.617741
2.747932,300,1977.303285
-1.122964,300,1979.035274
-1.766869,300,1982.506624
51.475848,141,1983.34513
53.879367,145,1984.057369
-0.618018,300,1985.831893
53.484226,213,1987.135722
53.700493,146,1988.142119
53.684925,151,1992.037003
53.973402,146,1994.304439
54.183321,137,1995.02767
54.175667,143,1995.784398
53.370639,152,1996.583448
53.839447,130,1997.340961
53.099261,147,1998.106888
53.906461,153,1998.862457
54.20362,142,1999.557735
3.348449,300,2002.537958
54.363294,140,2003.449417
-1.38777,300,2005.070351
-1.033004,300,2009.537653
53.506453,141,2010.341575
0.924137,300,2013.557466
53.757285,147,2014.312074
54.37693,137,2015.030917
52.169114,244,2016.388873
-1.900835,300,2018.085225
54.225919,141,2018.863311
53.137079,159,2019.643411
54.111487,134,2021.75118
53.154153,159,2025.556149
53.616553,150,2026.395663
54.331241,133,2027.058408
3.26599,300,2028.658067
53.537575,145,2029.367886
53.529693,179,2030.194667
53.861124,140,2030.958458
-1.658339,300,2033.994355
52.047697,154,2034.860811
54.258761,150,2035.702415
52.755004,176,2036.599064
-1.483765,300,2041.137361
53.76939,133,2041.830554
53.778541,159,2044.090237
51.32988,142,2044.83346
53.580966,138,2045.696188
-1.694027,300,2047.292168
-1.764807,300,2048.881577
53.959243,150,2049.671868
53.098123,158,2051.955719
53.704138,143,2052.659896
52.529435,153,2053.42388
53.646296,150,2054.286951
-2.025666,300,2058.666776
-1.309208,300,2060.246639
54.164271,147,2060.83842
0.617301,300,2064.161621
2.980315,300,2065.71364
53.455369,154,2066.69329
53.628669,162,2067.678766
51.635478,152,2068.512799
53.395308,138,2069.341284
53.791192,172,2074.913516
-2.313275,300,2076.771542
-1.231101,300,2078.686217
1.784439,300,2080.690745
54.303148,154,2081.572973
53.214816,149,2083.83918
53.065603,158,2084.786593
54.297036,150,2085.738748
53.478388,129,2086.503077
-0.653002,300,2088.343463
53.784096,154,2092.002319
3.224205,300,2095.604169
54.285711,146,2096.403905
2.645503,300,2098.271804
3.030284,300,2100.190917
54.087944,139,2101.00179
53.06925,159,2101.830997
54.075231,146,2102.665713
2.707382,300,2105.996575
53.472908,145,2109.713976
54.145086,140,2110.227647
54.088632,140,2110.750748
-1.413837,300,2111.788837
2.532596,300,2114.593935
54.110995,152,2115.091916
2.928613,300,2116.286526
54.10537,141,2116.861823
53.303474,168,2117.494889
53.857675,255,2118.461538
2.131076,300,2124.313558
54.157854,151,2124.838069
53.719048,268,2125.82434
-0.965272,300,2127.020329
54.21589,149,2127.563164
53.603891,149,2128.154044
53.353202,197,2130.467362
-1.184552,300,2131.861916
54.137647,169,2132.44021
1.460565,300,2136.352052
3.508781,300,2137.414946
54.176992,204,2139.748138
3.316866,300,2140.927455
53.381321,150,2141.485161
54.236093,152,2142.057012
2.805158,300,2143.103409
52.224885,151,2143.693065
53.361491,184,2145.684714
-3.313533,300,2149.660211
3.02438,300,2150.654956
1.401849,300,2151.710776
2.520685,300,2154.217816
52.955322,259,2155.138172
53.414735,156,2155.708757
52.61641,176,2156.592017
54.236991,149,2157.466111
-0.827298,300,2159.094915
54.072259,135,2162.866155
52.66237,128,2164.752566
53.330628,251,2166.143408
53.602569,153,2167.004546
53.381098,253,2168.47549
54.390847,177,2169.483345
54.19262,152,2170.260252
53.958127,144,2171.031313
54.337524,203,2173.558009
-1.660668,300,2175.203549
53.627083,154,2175.917437
53.542784,132,2179.533383
52.994044,182,2180.418862
52.780439,164,2181.371679
53.956833,134,2182.066127
54.119139,152,2184.373769
3.000095,300,2185.572801
54.047036,214,2186.691813
-0.727916,300,2188.364764
-1.419363,300,2189.903877
2.950208,300,2196.007169
53.747401,144,2196.738367
1.712008,300,2198.341961
53.455163,151,2199.160267
54.339738,145,2199.920488
53.23768,148,2200.683783
53.96103,144,2202.688096
54.069368,144,2203.47432
2.990165,300,2204.835069
54.205628,127,2205.472119
-1.074607,300,2206.976024
54.250685,137,2210.577839
-1.457139,300,2213.559295
54.153785,167,2214.469005
53.919333,139,2215.253492
53.488507,156,2215.899538
53.582343,150,2216.413107
-1.913211,300,2217.797216
54.038338,153,2218.557549
1.14791,300,2221.433839
-1.840764,300,2225.852106
-4.599577,300,2227.77926
53.309555,170,2228.781725
53.883342,259,2231.51638
2.424594,300,2232.851896
53.457741,159,2233.784185
53.043754,206,2234.860295
53.774936,154,2235.75942
53.382363,135,2236.489195
52.849186,157,2237.261628
53.147968,135,2239.329514
2.691146,300,2243.889474
2.767231,300,2245.741169
0.022817,300,2247.242244
53.770737,159,2247.875989
53.733903,140,2248.662311
53.741185,146,2250.894612
2.328276,300,2252.404818
53.757361,231,2253.329093
53.987663,142,2253.834303
-1.565115,300,2258.270066
53.496142,161,2259.181843
1.843526,300,2262.289756
52.761269,129,2262.781963
54.232838,133,2263.326318
-1.784987,300,2264.536196
-0.946253,300,2266.050485
52.81991,221,2268.881418
53.930877,147,2269.729091
-2.95433,300,2274.362027
3.062407,300,2276.035852
53.282253,148,2276.647826
53.710135,141,2277.380127
53.464626,135,2279.178278
53.58335,145,2279.876932
-1.551972,300,2281.554724
53.547435,139,2282.366106
54.14718,140,2283.395742
54.133986,142,2284.12864
54.053149,135,2284.811965
53.935832,134,2285.729509
53.595591,126,2290.436668
2.349325,300,2292.145101
53.220675,169,2293.032595
-1.451732,300,2294.587092
-1.53569,300,2296.110215
-1.355503,300,2298.965428
53.583012,144,2299.827948
53.269003,161,2300.701921
2.533263,300,2305.042343
52.874929,165,2306.03755
-4.049039,300,2307.520923
-1.359935,300,2310.325458
54.192199,156,2311.005899
53.744659,140,2311.718477
1.658183,300,2313.108343
-1.567474,300,2314.475267
53.915751,133,2316.473706
53.430053,144,2317.205428
54.009944,142,2320.835222
54.236502,131,2321.500196
53.501996,153,2322.31926
-1.614408,300,2323.988539
2.573425,300,2325.451314
-2.843933,300,2328.257355
2.174278,300,2329.877304
53.4032,148,2330.624367
-1.342335,300,2331.894919
53.864417,123,2335.309925
2.231229,300,2338.063182
2.685322,300,2339.463773
53.404842,158,2340.140827
1.165332,300,2341.392152
53.070169,159,2342.13606
53.620189,141,2344.176737
54.086807,133,2344.77647
1.878995,300,2346.250568
54.255808,124,2346.958845
53.031531,154,2350.581238
54.199299,159,2351.259208
52.867613,154,2352.07837
52.953495,151,2352.883864
52.579342,152,2355.108568
-1.964901,300,2356.963732
53.659772,139,2357.731763
54.086777,143,2358.509083
53.540396,163,2359.274202
53.622345,132,2359.910576
52.898747,150,2360.718021
-1.800708,300,2363.351587
53.125606,148,2366.877915
54.164383,138,2367.564409
1.10896,300,2368.931467
53.705025,150,2369.668769
1.055544,300,2370.993655
-1.271885,300,2373.295103
54.159145,143,2373.795911
-1.094954,300,2375.481522
53.254895,148,2376.249918
53.868889,137,2377.027839
54.1864,128,2380.571192
-1.307888,300,2383.327562
53.945496,144,2384.138434
-2.213474,300,2385.722653
54.328218,127,2386.351858
53.672658,133,2387.061752
-1.004065,300,2388.498368
-1.999614,300,2391.320163
53.693193,190,2392.289043
53.827983,136,2393.143826
54.334744,165,2396.808618
53.818337,148,2397.565088
0.636766,300,2399.174519
54.049723,161,2401.423353
3.160794,300,2402.738728
-1.428686,300,2404.112904
53.313435,187,2405.072832
54.311313,144,2405.814518
53.967021,142,2406.739072
54.182468,135,2409.077658
3.545722,300,2414.501192
54.032051,139,2415.23265
1.791702,300,2416.87201
54.075943,153,2417.602349
53.362218,136,2418.23884
53.98821,136,2419.263462
54.163111,130,2421.324294
52.912379,217,2422.524813
53.71383,136,2423.27562
54.039116,133,2423.959997
53.011861,170,2424.910386
54.138862,126,2425.528194
54.109934,147,2429.089336
53.346688,138,2429.747428
53.490299,134,2431.702035
53.288876,139,2432.355305
-2.625884,300,2433.863124
53.954853,147,2434.346722
53.484306,166,2435.128956
53.717936,136,2435.99094
54.266934,136,2436.707534
53.532488,139,2437.401671
53.939705,137,2439.550318
52.856264,144,2440.3011
-0.841104,300,2445.054048
53.101629,143,2445.740035
52.750587,137,2446.35109
53.715024,161,2447.125406
53.442682,148,2447.821899
54.353379,133,2448.484843
53.727047,138,2450.493426
52.801793,280,2451.919726
-1.619448,300,2453.485748
53.608951,152,2454.340351
-1.084157,300,2455.844669
54.224686,120,2460.844075
53.140587,148,2461.504525
-1.148927,300,2463.073348
-1.56535,300,2464.383137
53.26933,136,2464.923723
-1.480841,300,2466.56168
53.31009,167,2468.662989
53.50058,138,2469.304225
54.152962,147,2470.080256
53.678033,162,2471.027495
53.542253,151,2471.83785
52.46099,144,2475.952943
53.804737,132,2476.520208
54.079265,149,2477.354447
53.669635,147,2479.231188
53.931412,173,2479.884501
54.142628,126,2480.316773
2.171379,300,2481.353063
53.668423,260,2482.238107
54.233193,150,2482.742799
52.870096,253,2484.944828
53.706851,161,2485.501035
54.028362,126,2488.590078
53.70243,137,2489.285439
52.952164,163,2490.086991
53.943213,131,2490.748956
2.633566,300,2491.90935
3.088042,300,2494.313501
53.483384,143,2494.786259
54.205575,135,2495.249448
54.08289,135,2495.713961
-1.144243,300,2496.677556
54.210151,133,2497.121935
53.409718,190,2500.580448
-0.782394,300,2503.415924
-1.384854,300,2504.961211
54.293623,136,2505.542457
53.583581,139,2506.335854
52.854508,140,2507.080771
53.243569,148,2507.856727
52.181494,151,2508.569439
1.161094,300,2511.357795
53.161136,144,2512.026297
54.218611,126,2512.693633
54.024284,185,2516.548906
53.786134,155,2517.342348
-1.406033,300,2518.954608
53.599784,155,2521.072159
53.913443,129,2521.758399
53.722773,135,2522.452975
1.117376,300,2523.810589
53.433536,144,2524.53838
-1.1914,300,2526.133973
2.303784,300,2529.008949
-2.231867,300,2533.368313
53.737711,144,2533.997594
53.907981,125,2534.509076
0.359364,300,2536.179174
2.000445,300,2539.2099
53.929765,147,2539.858485
53.884428,123,2540.569179
53.957709,133,2541.47308
2.234096,300,2543.144412
51.754578,158,2544.034919
3.172592,300,2548.506587
52.820852,286,2551.42372
53.98784,136,2552.140037
54.183618,132,2552.817724
54.204469,141,2553.490292
-1.103635,300,2554.908014
54.015105,141,2555.586008
53.458165,163,2557.406153
2.18119,300,2558.766775
-1.158168,300,2563.318097
53.778022,146,2564.093947
1.094142,300,2565.700358
52.059822,200,2567.96769
53.636411,137,2568.565757
54.072649,147,2569.312617
53.052792,151,2570.103596
2.361722,300,2571.623096
52.638875,144,2572.338733
-0.907034,300,2573.703577
53.343614,142,2575.702499
52.616614,134,2579.237256
53.943165,131,2579.923183
53.966128,140,2580.69734
53.727381,150,2581.463793
52.527294,142,2582.185901
53.698756,144,2582.919204
54.118834,130,2583.556505
50.812379,196,2585.932736
-0.633885,300,2587.526795
53.921679,147,2588.450573
-1.458228,300,2589.714214
1.767521,300,2593.775136
-0.656438,300,2596.380315
53.485108,125,2597.017145
54.114723,149,2597.717274
53.694985,137,2598.355171
53.100839,146,2598.944615
1.233152,300,2600.373353
0.046237,300,2603.31906
53.791606,137,2604.000015
53.366039,148,2604.676598
53.250774,139,2605.383473
-1.146007,300,2609.752018
52.616788,143,2610.820236
53.605876,140,2611.905226
53.626572,135,2612.683409
53.631946,163,2614.922549
2.458076,300,2616.715115
53.884972,134,2617.319195
53.34497,143,2618.082219
52.992994,154,2619.02303
2.439345,300,2620.312267
54.008581,137,2620.845064
54.034963,184,2626.286644
0.886906,300,2628.116561
2.138657,300,2630.162306
52.90361,168,2631.362475
53.631731,147,2632.193233
-1.364762,300,2635.782337
54.199578,137,2636.525946
-0.9816,300,2638.070461
53.991101,136,2638.792937
53.046095,147,2642.393208
53.108513,142,2643.100669
54.118012,134,2643.689258
1.477927,300,2646.598277
53.894323,137,2647.338135
52.149237,144,2648.128799
54.297159,128,2648.712825
54.218877,128,2649.334657
53.860799,153,2650.099187
53.693674,150,2650.700468
53.656854,155,2651.293621
52.422353,151,2653.275114
2.39904,300,2657.572233
2.35296,300,2659.036812
52.691741,155,2659.858002
53.698926,163,2660.756349
52.199119,190,2661.667048
53.759114,145,2663.589869
54.344974,133,2664.313897
53.5651,134,2665.002005
2.019144,300,2666.561067
53.488604,144,2667.244272
1.069791,300,2668.828878
52.786317,151,2673.876421
2.833045,300,2675.583135
53.579229,151,2676.334318
52.638576,161,2677.141475
1.706814,300,2678.749314
-1.293423,300,2680.502717
52.067589,147,2682.466
53.62692,152,2683.051109
-2.010898,300,2684.530003
51.840975,223,2689.101913
53.365984,166,2690.033007
53.870019,136,2690.74541
53.103179,138,2691.54336
2.179685,300,2694.515726
53.68204,148,2695.386876
51.462875,249,2696.628697
52.200552,263,2697.940141
54.082176,151,2698.7324
54.297622,113,2699.303158
3.09117,300,2701.975493
54.002196,146,2705.643794
1.910479,300,2707.193869
-1.279753,300,2709.069106
-8.255096,300,2711.958759
53.523774,135,2712.506933
53.044654,157,2713.234496
54.053353,142,2713.718079
54.03686,135,2714.456228
53.74289,271,2715.903157
54.133936,122,2716.38721
54.115862,134,2719.867414
