_step,train/kld_loss,train/loss,train/l1_loss
200,0.3304096460342407,7.048452699184418,0.4944547116756439
400,0.25762686133384705,3.06436851978302,0.5039641261100769
600,0.1779937744140625,2.6082552993297576,0.5027071833610535
800,0.14931240677833557,2.261005987524986,0.41989976167678833
1000,0.1473536193370819,2.0121138417720794,0.3383879065513611
1000,0.1473536193370819,2.0121138417720794,0.3383879065513611
1200,0.13832908868789673,1.852278704047203,0.33302751183509827
1400,0.13709786534309387,1.6899424147605897,0.38028812408447266
1600,0.09684892743825912,1.5604576516151427,0.2323634922504425
1800,0.09524419158697128,1.4061787682771683,0.2846345901489258
2000,0.09131419658660889,1.280313681960106,0.2554202675819397
2000,0.09131419658660889,1.280313681960106,0.2554202675819397
2200,0.07286021113395691,1.1644812422990798,0.2836548089981079
2400,0.06611236929893494,1.065621086061001,0.2581324875354767
2600,0.06523613631725311,0.9704638966917991,0.2441403567790985
2800,0.055311333388090134,0.8894188341498375,0.23991164565086365
3000,0.05293993279337883,0.8039399152994156,0.28068768978118896
3000,0.05293993279337883,0.8039399152994156,0.28068768978118896
3200,0.046021562069654465,0.7381640949845314,0.25621461868286133
3400,0.04119144752621651,0.6841976463794708,0.23702538013458252
3600,0.03421621397137642,0.6264892736077309,0.3055104613304138
3800,0.033890750259160995,0.5883093395829201,0.2413565218448639
4000,0.030665256083011627,0.544410188794136,0.26846978068351746
4000,0.030665256083011627,0.544410188794136,0.26846978068351746
4200,0.029789522290229797,0.5118431501090527,0.17658445239067078
4400,0.028236042708158493,0.4813490556180477,0.2040262073278427
4600,0.02147217094898224,0.4494986101984978,0.21221081912517548
4800,0.022381804883480072,0.43268238425254824,0.23482105135917664
5000,0.018627066165208817,0.4104308532178402,0.2570062577724457
5000,0.018627066165208817,0.4104308532178402,0.2570062577724457
5200,0.017073646187782288,0.3870486383140087,0.19108015298843384
5400,0.01460273191332817,0.36344631254673004,0.23652935028076172
5600,0.014170035719871521,0.3564172737300396,0.22046254575252533
5800,0.014082856476306915,0.34554865553975106,0.2321566492319107
6000,0.01263415440917015,0.32744784370064733,0.19255846738815308
6000,0.01263415440917015,0.32744784370064733,0.19255846738815308
6200,0.012194819748401642,0.3184451548010111,0.15163080394268036
6400,0.011435374617576599,0.3121564067900181,0.2146432250738144
6600,0.009423166513442993,0.3003017007559538,0.14041894674301147
6800,0.009579580277204514,0.2952472924441099,0.16181142628192902
7000,0.008617136627435684,0.2849488328397274,0.21224263310432434
7000,0.008617136627435684,0.2849488328397274,0.21224263310432434
7200,0.009681787341833115,0.2756005546450615,0.18950609862804413
7400,0.007945485413074493,0.26894976653158664,0.17635157704353333
7600,0.008055802434682846,0.2649795810878277,0.1760951727628708
7800,0.006890542805194855,0.25645150765776636,0.1776553988456726
8000,0.007068347185850143,0.25226539373397827,0.17134836316108704
8000,0.007068347185850143,0.25226539373397827,0.17134836316108704
8200,0.006879866123199463,0.24793623425066472,0.1745613068342209
8400,0.006761662662029266,0.23982516497373582,0.2239876240491867
8600,0.007265295833349228,0.2387452594190836,0.16050340235233307
8800,0.0061113350093364716,0.23314109064638613,0.1636296659708023
9000,0.005916852504014969,0.23154312826693058,0.15841850638389587
9000,0.005916852504014969,0.23154312826693058,0.15841850638389587
9200,0.006596077233552933,0.22667368136346341,0.18488231301307678
9400,0.007224339991807938,0.22200688026845455,0.1459285318851471
9600,0.0058181509375572205,0.2220017647743225,0.17822952568531036
9800,0.005112960934638977,0.21473347902297973,0.17731313407421112
10000,0.0046265460550785065,0.2157562678307295,0.14998897910118103
10000,0.0046265460550785065,0.2157562678307295,0.14998897910118103
10200,0.005783073604106903,0.21051438465714456,0.14469332993030548
10400,0.0053541772067546844,0.20862269543111325,0.15724892914295197
10600,0.005184449255466461,0.20425912111997604,0.15044669806957245
10800,0.0052831657230854034,0.20031784668564798,0.14688068628311157
11000,0.004650045186281204,0.20057042740285397,0.15614420175552368
11000,0.004650045186281204,0.20057042740285397,0.15614420175552368
11200,0.003655731678009033,0.19971620358526707,0.1735363006591797
11400,0.003554224967956543,0.1947708984464407,0.14665591716766357
11600,0.003519579768180847,0.19620672591030597,0.15371271967887878
11800,0.00350358709692955,0.19151970475912095,0.1587904989719391
12000,0.0036164559423923492,0.1911592499166727,0.14321614801883698
12000,0.0036164559423923492,0.1911592499166727,0.14321614801883698
12200,0.0044576190412044525,0.18830455511808394,0.1524548977613449
12400,0.0040140897035598755,0.1844443239271641,0.15307222306728363
12600,0.0030066631734371185,0.18442676112055778,0.14776086807250977
12800,0.0028744712471961975,0.18026997081935406,0.1331421136856079
13000,0.0035596825182437897,0.1808586298674345,0.13352124392986298
13000,0.0035596825182437897,0.1808586298674345,0.13352124392986298
13200,0.002540178596973419,0.17912762813270092,0.14892423152923584
13400,0.00573025643825531,0.17669628396630288,0.1490621566772461
13600,0.003960855305194855,0.17560988858342172,0.14382049441337585
13800,0.0031247399747371674,0.17648482359945775,0.13770177960395813
14000,0.0027264729142189026,0.17228586100041865,0.14572520554065704
14000,0.0027264729142189026,0.17228586100041865,0.14572520554065704
14200,0.003744855523109436,0.175472432076931,0.1405303180217743
14400,0.0032268092036247253,0.16693834375590086,0.12050524353981018
14600,0.002558428794145584,0.16736715324223042,0.16754503548145294
14800,0.003645569086074829,0.16674547348171473,0.14461489021778107
15000,0.0025934502482414246,0.16340900033712388,0.13752558827400208
15000,0.0025934502482414246,0.16340900033712388,0.13752558827400208
15200,0.0028718076646327972,0.16281701121479272,0.1303463727235794
15400,0.002292599529027939,0.1614294045045972,0.13949677348136902
15600,0.0029918253421783447,0.15905315436422826,0.12652695178985596
15800,0.0022106915712356567,0.15746735516935587,0.13292358815670013
16000,0.0020120106637477875,0.15990314561873675,0.15508124232292175
16000,0.0020120106637477875,0.15990314561873675,0.15508124232292175
16200,0.0019650831818580627,0.1586356471851468,0.11530400067567825
16400,0.002591107040643692,0.15370755184441806,0.11642516404390335
16600,0.002620518207550049,0.15616375897079707,0.1278780698776245
16800,0.0029068738222122192,0.15441991224884988,0.14783106744289398
17000,0.0017095208168029785,0.15245012514293194,0.1532399207353592
17000,0.0017095208168029785,0.15245012514293194,0.1532399207353592
17200,0.0016700886189937592,0.1532176959887147,0.12172342091798782
17400,0.0021268315613269806,0.15022659737616778,0.13435634970664978
17600,0.0015798024833202362,0.15136463068425654,0.1260320246219635
17800,0.0016108453273773193,0.15221959084272385,0.11678751558065414
18000,0.0020157545804977417,0.1498674451559782,0.12558725476264954
18000,0.0020157545804977417,0.1498674451559782,0.12558725476264954
18200,0.00189121812582016,0.1485670356079936,0.11289217323064804
18400,0.0013463795185089111,0.14540838100016118,0.13695654273033142
18600,0.0024448633193969727,0.1465443168208003,0.13347923755645752
18800,0.0018208064138889313,0.1458905917033553,0.11973343044519424
19000,0.0030766762793064117,0.1436121140420437,0.14126180112361908
19000,0.0030766762793064117,0.1436121140420437,0.14126180112361908
19200,0.0020573660731315613,0.1448648511618376,0.15850789844989777
19400,0.0013220757246017456,0.1430592841655016,0.1349349319934845
19600,0.0019469484686851501,0.14528023291379213,0.12089228630065918
19800,0.0012926682829856873,0.13845622543245553,0.10758768022060394
20000,0.0015303082764148712,0.14209362789988517,0.10253971815109253
20000,0.0015303082764148712,0.14209362789988517,0.10253971815109253
20200,0.0018409192562103271,0.13813744679093362,0.11868608742952347
20400,0.001644175499677658,0.1389705730974674,0.1324710100889206
20600,0.0014464892446994781,0.1363490492850542,0.12271373718976974
20800,0.0015321522951126099,0.13695468962192536,0.11316739022731781
21000,0.0014181062579154968,0.1341678138449788,0.12697115540504456
21000,0.0014181062579154968,0.1341678138449788,0.12697115540504456
21200,0.001319054514169693,0.13370475362986325,0.1121106967329979
21400,0.0010367818176746368,0.13497087299823762,0.1349349021911621
21600,0.0013486631214618683,0.13018358133733274,0.11143097281455994
21800,0.0010295882821083069,0.13164776600897313,0.1389564573764801
22000,0.0011361241340637207,0.1297343272343278,0.11076487600803375
22000,0.0011361241340637207,0.1297343272343278,0.11076487600803375
22200,0.0010942481458187103,0.13038250468671322,0.10929087549448013
22400,0.001039348542690277,0.12895573705434799,0.13693484663963318
22600,0.0009195469319820404,0.13072842322289943,0.10843635350465775
22800,0.0008670017123222351,0.12851530697196722,0.12219497561454773
23000,0.0012666024267673492,0.12655286148190498,0.1159534677863121
23000,0.0012666024267673492,0.12655286148190498,0.1159534677863121
23200,0.001222129911184311,0.12808510683476926,0.132090225815773
23400,0.0011952966451644897,0.127148023173213,0.10687783360481262
23600,0.000908873975276947,0.12397649005055428,0.09497096389532089
23800,0.0011021383106708527,0.1265946276858449,0.12704810500144958
24000,0.0008598826825618744,0.1243606811016798,0.10008038580417633
24000,0.0008598826825618744,0.1243606811016798,0.10008038580417633
24200,0.0007788576185703278,0.12390828162431716,0.1328050196170807
24400,0.0010136887431144714,0.12191089913249016,0.10940584540367126
24600,0.0008496157824993134,0.12340866152197122,0.14296124875545502
24800,0.0007651709020137787,0.12228429269045592,0.15043354034423828
25000,0.0008081644773483276,0.12017833724617959,0.13640248775482178
25000,0.0008081644773483276,0.12017833724617959,0.13640248775482178
25200,0.0008392296731472015,0.12244899205863476,0.10801892727613449
25400,0.0008585862815380096,0.12182327806949615,0.09751105308532715
25600,0.0007582046091556549,0.11922489780932664,0.10556341707706451
25800,0.0006836503744125366,0.11975704245269299,0.1215897649526596
26000,0.0011082552373409271,0.12138867910951376,0.08829060941934586
26000,0.0011082552373409271,0.12138867910951376,0.08829060941934586
26200,0.0007075443863868713,0.12206551898270845,0.10906308889389038
26400,0.0005984455347061157,0.11921384312212467,0.10870129615068436
26600,0.0010067485272884369,0.1197412757575512,0.10768274962902069
26800,0.0008286088705062866,0.11932156447321177,0.1405555158853531
27000,0.0008694492280483246,0.11788409251719713,0.10289592295885086
27000,0.0008694492280483246,0.11788409251719713,0.10289592295885086
27200,0.0007374323904514313,0.11710674602538347,0.10141830146312714
27400,0.0007435381412506104,0.11644576035439969,0.10777024179697037
27600,0.000566333532333374,0.11581541407853364,0.11993618309497833
27800,0.0005988478660583496,0.1156449069455266,0.11444442719221115
28000,0.0006144233047962189,0.11712754525244236,0.11336972564458847
28000,0.0006144233047962189,0.11712754525244236,0.11336972564458847
28200,0.0010847598314285278,0.11670562352985143,0.12397666275501251
28400,0.0015857592225074768,0.11485080685466528,0.11593611538410187
28600,0.0007932148873806,0.1130260194465518,0.09361917525529861
28800,0.0006570853292942047,0.11085427775979043,0.11316316574811935
29000,0.0007137395441532135,0.11359783105552196,0.10970223695039749
29000,0.0007137395441532135,0.11359783105552196,0.10970223695039749
29200,0.000594262033700943,0.11288561012595892,0.11191853135824203
29400,0.0006223022937774658,0.11602091711014509,0.11188381910324097
29600,0.0006757788360118866,0.11208046324551106,0.09148981422185898
29800,0.0005387850105762482,0.1105184119567275,0.09909244626760483
30000,0.000502459704875946,0.10960476420819759,0.10183680057525635
30000,0.000502459704875946,0.10960476420819759,0.10183680057525635
30200,0.0005467310547828674,0.111858253441751,0.08728598803281784
30400,0.0005241744220256805,0.1098960118368268,0.10376828163862228
30600,0.000654611736536026,0.11112226903438568,0.09618319571018219
30800,0.000788368284702301,0.10792617917060852,0.12623068690299988
31000,0.00038512423634529114,0.10992465782910585,0.10843551158905029
31000,0.00038512423634529114,0.10992465782910585,0.10843551158905029
31200,0.0004842318594455719,0.10946896202862262,0.1178068295121193
31400,0.0005639679729938507,0.10878116931766271,0.0930245891213417
31600,0.0011151470243930817,0.10706484563648701,0.1079438105225563
31800,0.0007377266883850098,0.10767000883817673,0.09350021183490753
32000,0.00042983144521713257,0.10713712252676487,0.10290508717298508
32000,0.00042983144521713257,0.10713712252676487,0.10290508717298508
32200,0.00041000545024871826,0.1084040155261755,0.10428047180175781
32400,0.0006359480321407318,0.10816247254610062,0.10804496705532074
32600,0.000744059681892395,0.10554253131151199,0.10705091804265976
32800,0.0003698095679283142,0.1070104006677866,0.0965915247797966
33000,0.0004072748124599457,0.10505007103085517,0.11021466553211212
33000,0.0004072748124599457,0.10505007103085517,0.11021466553211212
33200,0.00037619471549987793,0.10631826929748059,0.10215955227613449
33400,0.0005289986729621887,0.10294904947280883,0.09876863658428192
33600,0.0004784613847732544,0.1067726144194603,0.11518005281686783
33800,0.0004115775227546692,0.10554246544837952,0.11443409323692322
34000,0.000333297997713089,0.10340083561837674,0.10679975897073746
34000,0.000333297997713089,0.10340083561837674,0.10679975897073746
34200,0.00044692307710647583,0.10423850532621146,0.11031089723110199
34400,0.0004007071256637573,0.10479499332606793,0.10224561393260956
34600,0.00038743019104003906,0.1035174684599042,0.08483313769102097
34800,0.0003901757299900055,0.10330527778714896,0.09969969838857651
35000,0.00036572664976119995,0.10408009804785251,0.10169723629951477
35000,0.00036572664976119995,0.10408009804785251,0.10169723629951477
35200,0.0003827996551990509,0.10155799303203822,0.09175312519073486
35400,0.0004248097538948059,0.10150648772716522,0.10445189476013184
35600,0.00031726062297821045,0.10296398416161537,0.09063225984573364
35800,0.0004215538501739502,0.10260828237980604,0.09345605224370956
36000,0.0003552436828613281,0.10263638302683831,0.0958392322063446
36000,0.0003552436828613281,0.10263638302683831,0.0958392322063446
36200,0.0004653334617614746,0.10049618545919657,0.11086098849773407
36400,0.0004829391837120056,0.10039849951863289,0.1051158532500267
36600,0.00042457133531570435,0.10087449230253696,0.08226480334997177
36800,0.00041734054684638977,0.0992155660688877,0.10161487758159637
37000,0.000334322452545166,0.0997712417319417,0.09902290999889374
37000,0.000334322452545166,0.0997712417319417,0.09902290999889374
37200,0.000382937490940094,0.09948927108198405,0.09272059798240662
37400,0.00036340951919555664,0.09935754448175431,0.11636827141046524
37600,0.0003369376063346863,0.09920401025563479,0.10295280814170837
37800,0.00032940879464149475,0.09819004736840725,0.11502309888601303
38000,0.0004010610282421112,0.09908330589532852,0.1189136877655983
38000,0.0004010610282421112,0.09908330589532852,0.1189136877655983
38200,0.0006630420684814453,0.09788901835680008,0.10470346361398697
38400,0.00027993693947792053,0.0976883614435792,0.09317570924758911
38600,0.000349927693605423,0.10011613883078098,0.11042814701795578
38800,0.00042075663805007935,0.09748547613620757,0.07914197444915771
39000,0.00027707964181900024,0.09853254660964011,0.09383368492126465
39000,0.00027707964181900024,0.09853254660964011,0.09383368492126465
39200,0.0002552531659603119,0.09830942284315825,0.08474019914865494
39400,0.00030844658613204956,0.0986388909816742,0.08613656461238861
39600,0.0003311559557914734,0.09967975627630948,0.09047248959541321
39800,0.00038262829184532166,0.09865040637552738,0.1056288331747055
40000,0.0002775229513645172,0.09595507383346558,0.09387721866369247
40000,0.0002775229513645172,0.09595507383346558,0.09387721866369247
40200,0.0003473609685897827,0.09608845591545105,0.09482447803020477
40400,0.0003211759030818939,0.09720245510339737,0.09489864110946655
40600,0.00023281574249267578,0.0961545142158866,0.11107272654771805
40800,0.0002432502806186676,0.09622865673154593,0.08515948802232742
41000,0.0002815611660480499,0.09647567626088857,0.0887819454073906
41000,0.0002815611660480499,0.09647567626088857,0.0887819454073906
41200,0.00034864991903305054,0.09374159775674343,0.06833058595657349
41400,0.00034653395414352417,0.09590554486960173,0.08924030512571335
41600,0.0003402791917324066,0.09700479160994291,0.0959068313241005
41800,0.00021622329950332642,0.09310934633016586,0.08423173427581787
42000,0.00023043528199195862,0.09380815461277962,0.09497436881065369
42000,0.00023043528199195862,0.09380815461277962,0.09497436881065369
42200,0.00024102628231048584,0.0940778386965394,0.0816163718700409
42400,0.0003037750720977783,0.0943774600699544,0.08387964963912964
42600,0.0003404878079891205,0.09510009925812483,0.09512559324502945
42800,0.00029877200722694397,0.09230061739683151,0.10677452385425568
43000,0.0003016814589500427,0.09182306919246912,0.09800466895103455
43000,0.0003016814589500427,0.09182306919246912,0.09800466895103455
43200,0.0002924315631389618,0.09217663947492838,0.08811330050230026
43400,0.00027966126799583435,0.09287444237619638,0.07343339920043945
43600,0.00027605146169662476,0.09091981692239642,0.07648593187332153
43800,0.00032116472721099854,0.092308315820992,0.08047977834939957
44000,0.0002866797149181366,0.0914883829280734,0.09425460547208786
44000,0.0002866797149181366,0.0914883829280734,0.09425460547208786
44200,0.00027724727988243103,0.09156605087220669,0.09669173508882523
44400,0.000296175479888916,0.09078539177775383,0.07293108850717545
44600,0.0002505183219909668,0.0907063178345561,0.0952242910861969
44800,0.0002751089632511139,0.09158580016344786,0.09341876953840256
45000,0.0003045499324798584,0.09276338426396251,0.09202948212623596
45000,0.0003045499324798584,0.09276338426396251,0.09202948212623596
45200,0.00021211057901382446,0.0901038908213377,0.10075385868549347
45400,0.0002946518361568451,0.09134403098374605,0.09504150599241257
45600,0.0002487301826477051,0.09070309530943632,0.09473796933889389
45800,0.00025677308440208435,0.09151146374642849,0.0855732411146164
46000,0.00026835501194000244,0.0900194812938571,0.09601446241140366
46000,0.00026835501194000244,0.0900194812938571,0.09601446241140366
46200,0.00022524595260620117,0.09031913075596094,0.08066433668136597
46400,0.00024928152561187744,0.08822398524731398,0.09393620491027832
46600,0.00018851086497306824,0.09033747557550668,0.08653243631124496
46800,0.0002484545111656189,0.0909707224369049,0.09047511219978333
47000,0.00023461878299713135,0.09179469306021928,0.09632671624422073
47000,0.00023461878299713135,0.09179469306021928,0.09632671624422073
47200,0.0002589114010334015,0.09041518099606037,0.08648186177015305
47400,0.00023664534091949463,0.09150133457034826,0.07026103138923645
47600,0.00027549639344215393,0.08865984302014113,0.08045439422130585
47800,0.00023891404271125793,0.08827555306255817,0.08201271295547485
48000,0.00020400434732437134,0.0906062238290906,0.09146607667207718
48000,0.00020400434732437134,0.0906062238290906,0.09146607667207718
48200,0.00021254271268844604,0.08867969825863838,0.09918240457773209
48400,0.00019118189811706543,0.08798172909766436,0.07392209768295288
48600,0.00023502111434936523,0.08820729583501816,0.07819054275751114
48800,0.00018669664859771729,0.08969271935522556,0.08514155447483063
49000,0.00025158748030662537,0.09056614067405462,0.0909900888800621
49000,0.00025158748030662537,0.09056614067405462,0.0909900888800621
49200,0.0002466142177581787,0.08718489244580269,0.09042729437351227
49400,0.00018968433141708374,0.0876899129524827,0.08232265710830688
49600,0.00021362677216529846,0.0881764767691493,0.07519560307264328
49800,0.00016015022993087769,0.08768171407282352,0.08458656817674637
50000,0.0002531595528125763,0.08677763719111681,0.08053819835186005
50000,0.0002531595528125763,0.08677763719111681,0.08053819835186005
50200,0.00020412355661392212,0.08570862863212823,0.06733237951993942
50400,0.00018525496125221252,0.08465339373797179,0.09102196246385574
50600,0.0004550553858280182,0.08751729425042867,0.07722149044275284
50800,0.00016205385327339172,0.08360499430447817,0.08902546018362045
51000,0.0004929415881633759,0.08637031443417072,0.06488807499408722
51000,0.0004929415881633759,0.08637031443417072,0.06488807499408722
51200,0.0001932084560394287,0.08559832468628883,0.07794139534235
51400,0.00023430585861206055,0.08476767688989639,0.06854376941919327
51600,0.0003154948353767395,0.08558260373771191,0.0936472937464714
51800,0.00023595616221427917,0.08652703791856765,0.08706366270780563
52000,0.00020105764269828796,0.08578749042004347,0.09082202613353729
52000,0.00020105764269828796,0.08578749042004347,0.09082202613353729
52200,0.00019731372594833374,0.08442644128575921,0.0802234411239624
52400,0.00020686909556388855,0.08619680285453796,0.09158038347959518
52600,0.00013325363397598267,0.08505138911306859,0.07346945255994797
52800,0.0001767463982105255,0.0844692038372159,0.08406711369752884
53000,0.0002685040235519409,0.08522431023418903,0.07997913658618927
53000,0.0002685040235519409,0.08522431023418903,0.07997913658618927
53200,0.00018300488591194153,0.08309197077527643,0.08581196516752243
53400,0.00020199641585350037,0.08370033737272024,0.07668288052082062
53600,0.0001529306173324585,0.08383137276396155,0.08309758454561234
53800,0.0001553669571876526,0.08344841916114092,0.07552099972963333
54000,0.00014468654990196228,0.08348138883709907,0.06956250220537186
54000,0.00014468654990196228,0.08348138883709907,0.06956250220537186
54200,0.0001875460147857666,0.08364542938768864,0.06837853044271469
54400,0.0001609697937965393,0.08499956216663122,0.08541416376829147
54600,0.00017483532428741455,0.08409769106656313,0.08107440173625946
54800,0.00014985352754592896,0.08234341211616993,0.06675481051206589
55000,0.0002192072570323944,0.08287377294152976,0.08982478082180023
55000,0.0002192072570323944,0.08287377294152976,0.08982478082180023
55200,0.00025584176182746887,0.0832624977082014,0.09291910380125046
55400,0.00015056133270263672,0.08302756570279599,0.06185474246740341
55600,0.00015829876065254211,0.08344237433746457,0.09164326637983322
55800,0.00014730170369148254,0.08257101284340024,0.07734175771474838
56000,0.00018728896975517273,0.0828887583874166,0.08289036154747009
56000,0.00018728896975517273,0.0828887583874166,0.08289036154747009
56200,0.00015517324209213257,0.08344544446095824,0.07865841686725616
56400,0.00022141635417938232,0.08384277274832129,0.06433819234371185
56600,0.00017113611102104187,0.08216221783310175,0.07860317826271057
56800,0.00016228854656219482,0.08305285008624196,0.08961945027112961
57000,0.00015847384929656982,0.08278921395540237,0.07347360998392105
57000,0.00015847384929656982,0.08278921395540237,0.07347360998392105
57200,0.00024078786373138428,0.0807207034341991,0.07122751325368881
57400,0.0002024620771408081,0.08055066423490644,0.07280439883470535
57600,0.00017178058624267578,0.08195497101172805,0.07433069497346878
57800,0.0001653321087360382,0.08139777382835746,0.09811223298311234
58000,0.00021900609135627747,0.08181999213993549,0.07055290043354034
58000,0.00021900609135627747,0.08181999213993549,0.07055290043354034
58200,0.00016734004020690918,0.07989601062610746,0.07407794147729874
58400,0.00015753880143165588,0.08115869704633952,0.07138931006193161
58600,0.00014776736497879028,0.08161651266738773,0.08346009999513626
58800,0.00019323453307151794,0.08173833224922418,0.06995991617441177
59000,0.00021528452634811401,0.08247867271304131,0.07076586782932281
59000,0.00021528452634811401,0.08247867271304131,0.07076586782932281
59200,0.00016823038458824158,0.08099126087501646,0.08741401880979538
59400,0.00012506172060966492,0.07915843240916728,0.08315421640872955
59600,0.00016771629452705383,0.08015728710219264,0.0750766396522522
59800,0.00013710558414459229,0.08022737951949238,0.07337978482246399
60000,0.0002362281084060669,0.07952218297868967,0.06920240819454193
60000,0.0002362281084060669,0.07952218297868967,0.06920240819454193
60200,0.00018336623907089233,0.08085677266120911,0.07122699171304703
60400,0.00013544782996177673,0.07969422776252032,0.08917082101106644
60600,0.00015084818005561829,0.07966416524723172,0.08590387552976608
60800,0.0001956932246685028,0.07996640248224139,0.07389851659536362
61000,0.00014337152242660522,0.07951508104801178,0.09714778512716293
61000,0.00014337152242660522,0.07951508104801178,0.09714778512716293
61200,0.00022530555725097656,0.07929067365825176,0.08131513744592667
61400,0.00015373528003692627,0.07907384628430009,0.0671675056219101
61600,0.0001562461256980896,0.08009523129090666,0.07807774841785431
61800,0.00014021620154380798,0.07958637559786438,0.0801912471652031
62000,0.00011174380779266357,0.07876672660931945,0.0721936970949173
62000,0.00011174380779266357,0.07876672660931945,0.0721936970949173
62200,0.00013305991888046265,0.07971312258392572,0.06785043329000473
62400,0.00011200085282325745,0.07913162313401699,0.07107451558113098
62600,0.00012515485286712646,0.07811500599607825,0.09600366652011871
62800,0.00011809170246124268,0.07881122961640358,0.07165955752134323
63000,0.00012514367699623108,0.07670738462358713,0.08417410403490067
63000,0.00012514367699623108,0.07670738462358713,0.08417410403490067
63200,0.0001354813575744629,0.07777882732450962,0.07688184827566147
63400,0.00014868751168251038,0.08041105795651675,0.07335785031318665
63600,0.00017263740301132202,0.08047000512480736,0.07280191779136658
63800,0.00014496222138404846,0.07860445648431778,0.062201566994190216
64000,0.00010644271969795227,0.07766776159405708,0.06478609889745712
64000,0.00010644271969795227,0.07766776159405708,0.06478609889745712
64200,0.00011254847049713135,0.07852257259190082,0.0873580276966095
64400,0.00014815479516983032,0.07719737526029348,0.06899216026067734
64600,0.00012101233005523682,0.07570564435794949,0.08506471663713455
64800,0.00013875961303710938,0.07763098364695907,0.08768316358327866
65000,0.00013362616300582886,0.07712281035259366,0.07866494357585907
65000,0.00013362616300582886,0.07712281035259366,0.07866494357585907
65200,0.00014504790306091309,0.07567263510078191,0.07794173806905746
65400,0.00014303997159004211,0.07638164544478059,0.07574926316738129
65600,0.00010540708899497986,0.07694343578070402,0.0697362944483757
65800,0.00014543533325195312,0.07834548350423574,0.09130144119262695
66000,0.0001295618712902069,0.07617432175204158,0.06981357932090759
66000,0.0001295618712902069,0.07617432175204158,0.06981357932090759
66200,0.00013846158981323242,0.07522277057170867,0.084305040538311
66400,0.00024528056383132935,0.07669736813753843,0.08026209473609924
66600,0.00011889263987541199,0.07430013835430145,0.07760371267795563
66800,0.00011331215500831604,0.07659391229972243,0.09375328570604324
67000,0.00014088302850723267,0.07653075907379389,0.09172891825437546
67000,0.00014088302850723267,0.07653075907379389,0.09172891825437546
67200,0.00010582804679870605,0.07580835627391934,0.06311947852373123
67400,0.00011711940169334412,0.07550640605390072,0.08018551021814346
67600,0.00015231594443321228,0.07688419787213206,0.0722987949848175
67800,0.0001370757818222046,0.0763542215898633,0.07186181098222733
68000,0.00010352209210395813,0.07539811240509152,0.07445544004440308
68000,0.00010352209210395813,0.07539811240509152,0.07445544004440308
68200,0.00013307109475135803,0.07489953167736531,0.07690273970365524
68400,8.830055594444275e-05,0.07508262015879154,0.06967124342918396
68600,0.00012256577610969543,0.07636210305616259,0.07195387780666351
68800,0.0001019015908241272,0.07611695783212781,0.07709578424692154
69000,0.00014838948845863342,0.07603731451556087,0.08667711913585663
69000,0.00014838948845863342,0.07603731451556087,0.08667711913585663
69200,0.00011709704995155334,0.07510853378102184,0.07934626936912537
69400,0.00010815262794494629,0.07470806928351521,0.08415400236845016
69600,0.00012312829494476318,0.07521808812394738,0.0724601000547409
69800,0.00011722743511199951,0.07571178717538714,0.08977529406547546
70000,0.000119723379611969,0.07524132259190082,0.07179229706525803
70000,0.000119723379611969,0.07524132259190082,0.07179229706525803
70200,0.00010865926742553711,0.07551003018394113,0.09246331453323364
70400,0.00012904033064842224,0.07376256283372641,0.07641137391328812
70600,9.835883975028992e-05,0.07451372405514121,0.07148824632167816
70800,0.00010186061263084412,0.07415753873065115,0.06419101357460022
71000,0.00011367350816726685,0.0737147506326437,0.06508185714483261
71000,0.00011367350816726685,0.0737147506326437,0.06508185714483261
71200,0.00011068210005760193,0.07436011973768472,0.08506730943918228
71400,0.00011531263589859009,0.0726958985812962,0.07046770304441452
71600,0.0001036226749420166,0.07307112410664558,0.06276153028011322
71800,0.000115174800157547,0.07388349689543247,0.057668816298246384
72000,0.00015480071306228638,0.0746668242663145,0.060503944754600525
72000,0.00015480071306228638,0.0746668242663145,0.060503944754600525
72200,9.371340274810791e-05,0.0732295524701476,0.07180862128734589
72400,8.505955338478088e-05,0.07401991773396731,0.06609876453876495
72600,0.00010458752512931824,0.07294725887477398,0.08062570542097092
72800,0.0001090317964553833,0.07240674667060375,0.09439565241336823
73000,0.00014299899339675903,0.07281093269586564,0.06617066264152527
73000,0.00014299899339675903,0.07281093269586564,0.06617066264152527
73200,0.00019730627536773682,0.07238432848826051,0.0762554407119751
73400,0.00010327249765396118,0.07242426808923483,0.058486081659793854
73600,9.018927812576294e-05,0.07440907467156649,0.07508189976215363
73800,9.972229599952698e-05,0.0742499372921884,0.06558648496866226
74000,0.00011221691966056824,0.07295016391202808,0.077843077480793
74000,0.00011221691966056824,0.07295016391202808,0.077843077480793
74200,0.00010720640420913696,0.07190301962196827,0.08040659129619598
74400,0.00011435896158218384,0.07193056972697377,0.07516438513994217
74600,8.904561400413513e-05,0.0725741115771234,0.0634433776140213
74800,0.00010716170072555542,0.0736351715773344,0.06847726553678513
75000,0.00012103468179702759,0.07220532484352589,0.0623193085193634
75000,0.00012103468179702759,0.07220532484352589,0.0623193085193634
75200,8.315593004226685e-05,0.0728269844315946,0.0719943642616272
75400,8.869543671607971e-05,0.07175481466576457,0.0753437727689743
75600,0.00011381134390830994,0.07224132899194956,0.07924967259168625
75800,9.529292583465576e-05,0.07204031374305486,0.0645861104130745
76000,8.811429142951965e-05,0.07291075926274061,0.07553520053625107
76000,8.811429142951965e-05,0.07291075926274061,0.07553520053625107
76200,0.00012140721082687378,0.07277684263885022,0.06095129996538162
76400,0.00010249391198158264,0.0717100628837943,0.07229645550251007
76600,8.846446871757507e-05,0.07214383251965045,0.07307097315788269
76800,9.830296039581299e-05,0.07189601313322783,0.06193734332919121
77000,0.00010892748832702637,0.07064068047329783,0.06947740167379379
77000,0.00010892748832702637,0.07064068047329783,0.06947740167379379
77200,9.700655937194824e-05,0.07155556350946427,0.07124531269073486
77400,0.00010747462511062622,0.07175271485000849,0.07230064272880554
77600,0.00012130662798881531,0.07080533320084215,0.065959632396698
77800,9.060278534889221e-05,0.07186413047835231,0.07733329385519028
78000,9.205564856529236e-05,0.07271537436172366,0.08473623543977737
78000,9.205564856529236e-05,0.07271537436172366,0.08473623543977737
78200,9.156391024589539e-05,0.07216946300119162,0.06455159932374954
78400,0.00011534243822097778,0.07010706953704357,0.06790442764759064
78600,0.00010342523455619812,0.07044733112677931,0.06352080404758453
78800,0.0001654587686061859,0.07094228193163872,0.07670887559652328
79000,8.728355169296265e-05,0.07005819583311677,0.06512730568647385
79000,8.728355169296265e-05,0.07005819583311677,0.06512730568647385
79200,7.213279604911804e-05,0.06975331965833903,0.07113242149353027
79400,7.588043808937073e-05,0.0705541067570448,0.06526364386081696
79600,9.496882557868958e-05,0.07029954073950648,0.06949218362569809
79800,0.0001036711037158966,0.06934212367981672,0.06716213375329971
80000,0.00010112673044204712,0.07060505198314786,0.06754374504089355
80000,0.00010112673044204712,0.07060505198314786,0.06754374504089355
80200,9.702891111373901e-05,0.07011293567717075,0.07198195904493332
80400,0.00017087534070014954,0.06938724817708135,0.07991770654916763
80600,8.521601557731628e-05,0.06993541564792395,0.06367821246385574
80800,8.679181337356567e-05,0.07039141753688455,0.06876222789287567
81000,7.722526788711548e-05,0.07085257072001695,0.06225041672587395
81000,7.722526788711548e-05,0.07085257072001695,0.06225041672587395
81200,9.486079216003418e-05,0.07039428427815438,0.07609661668539047
81400,8.678436279296875e-05,0.06744108149781823,0.07057315111160278
81600,8.357316255569458e-05,0.06950677491724491,0.0815637931227684
81800,9.03978943824768e-05,0.07106639908626676,0.059467677026987076
82000,0.00010374560952186584,0.07102299112826586,0.0792948305606842
82000,0.00010374560952186584,0.07102299112826586,0.0792948305606842
82200,0.00011048093438148499,0.06920293193310499,0.07293080538511276
82400,7.139518857002258e-05,0.07029162269085645,0.0570778027176857
82600,7.12275505065918e-05,0.06891169369220734,0.0659172534942627
82800,8.696317672729492e-05,0.06846393847838045,0.062257591634988785
83000,0.00010954216122627258,0.06852325329557062,0.0638880729675293
83000,0.00010954216122627258,0.06852325329557062,0.0638880729675293
83200,6.954744458198547e-05,0.06879046510905028,0.06009465456008911
83400,0.00010173022747039795,0.06905479606240988,0.07607568055391312
83600,8.873268961906433e-05,0.06901160158216953,0.07881346344947815
83800,7.816776633262634e-05,0.068572284206748,0.07369451224803925
84000,6.81951642036438e-05,0.0691186960041523,0.059142105281353
84000,6.81951642036438e-05,0.0691186960041523,0.059142105281353
84200,9.363889694213867e-05,0.06927429195493459,0.0730382576584816
84400,0.00010920315980911255,0.06863853372633458,0.0707758218050003
84600,8.443742990493774e-05,0.06974534690380096,0.06622689217329025
84800,8.82074236869812e-05,0.06950469413772226,0.07205784320831299
85000,9.841844439506531e-05,0.06716093299910426,0.06710032373666763
85000,9.841844439506531e-05,0.06716093299910426,0.06710032373666763
85200,8.087232708930969e-05,0.06881000529974698,0.076911561191082
85400,6.931275129318237e-05,0.06919445464387536,0.07383492588996887
85600,6.035715341567993e-05,0.06717171356081962,0.06277389079332352
85800,0.00018583983182907104,0.06685285579413175,0.06144919991493225
86000,6.210803985595703e-05,0.06764469670131802,0.06944453716278076
86000,6.210803985595703e-05,0.06764469670131802,0.06944453716278076
86200,7.661059498786926e-05,0.06771695217117667,0.0674569234251976
86400,7.223710417747498e-05,0.06680263068526983,0.05610447749495506
86600,8.251145482063293e-05,0.06711623227223754,0.0675683245062828
86800,7.87787139415741e-05,0.06851285994052887,0.0644579827785492
87000,7.185712456703186e-05,0.06736516270786524,0.06714387238025665
87000,7.185712456703186e-05,0.06736516270786524,0.06714387238025665
87200,0.00011108443140983582,0.06780818201601506,0.06845507025718689
87400,8.150190114974976e-05,0.06744965290650726,0.09327849745750427
87600,6.933137774467468e-05,0.06635121880099178,0.058882586658000946
87800,0.000128868967294693,0.06884306596592069,0.061912693083286285
88000,7.961317896842957e-05,0.06762615397572518,0.07437083125114441
88000,7.961317896842957e-05,0.06762615397572518,0.07437083125114441
88200,7.946044206619263e-05,0.06714282648637891,0.07765135914087296
88400,7.397681474685669e-05,0.06720049992203712,0.06569472700357437
88600,6.4067542552948e-05,0.06753985149785877,0.05643028765916824
88800,6.097555160522461e-05,0.06787472127005457,0.0663507953286171
89000,7.002055644989014e-05,0.06720935879275203,0.06530138105154037
89000,7.002055644989014e-05,0.06720935879275203,0.06530138105154037
89200,7.897615432739258e-05,0.06665256701409816,0.06680168956518173
89400,6.374344229698181e-05,0.06513396320864558,0.0569646954536438
89600,8.461996912956238e-05,0.0670805773884058,0.07212351262569427
89800,8.450821042060852e-05,0.06656124163419008,0.049072254449129105
90000,7.893890142440796e-05,0.06703844716772438,0.07293546944856644
90000,7.893890142440796e-05,0.06703844716772438,0.07293546944856644
90200,7.41221010684967e-05,0.06615156220272184,0.054936911910772324
90400,7.984787225723267e-05,0.06798361763358116,0.05623643845319748
90600,5.83156943321228e-05,0.06754099460318684,0.07150349766016006
90800,6.879493594169617e-05,0.06742545997723937,0.06723376363515854
91000,9.610503911972046e-05,0.0669537952914834,0.07476168870925903
91000,9.610503911972046e-05,0.0669537952914834,0.07476168870925903
91200,0.00013568252325057983,0.06659762056544423,0.06926769018173218
91400,7.226690649986267e-05,0.06569882869720459,0.05579704791307449
91600,7.019937038421631e-05,0.06660196460783481,0.06213948503136635
91800,6.779283285140991e-05,0.06634204490110278,0.0671749860048294
92000,5.9042125940322876e-05,0.06512762082740664,0.06771145015954971
92000,5.9042125940322876e-05,0.06512762082740664,0.06771145015954971
92200,8.851662278175354e-05,0.0664780505374074,0.06250631809234619
92400,7.699057459831238e-05,0.06644569518044591,0.06434723734855652
92600,8.756294846534729e-05,0.06564588341861963,0.06251800060272217
92800,6.387382745742798e-05,0.06637448901310564,0.07911985367536545
93000,0.00010010600090026855,0.06424046253785491,0.06776171922683716
93000,0.00010010600090026855,0.06424046253785491,0.06776171922683716
93200,9.154528379440308e-05,0.06620131567120552,0.06016518548130989
93400,7.22743570804596e-05,0.06561624221503734,0.08119066804647446
93600,6.0811638832092285e-05,0.06512026511132717,0.06033734604716301
93800,8.082762360572815e-05,0.06524836771190166,0.06749262660741806
94000,6.718933582305908e-05,0.06453213540837169,0.058624520897865295
94000,6.718933582305908e-05,0.06453213540837169,0.058624520897865295
94200,4.974380135536194e-05,0.06619021290913224,0.06715060770511627
94400,0.0001003369688987732,0.06448676427826286,0.05411503463983536
94600,6.948038935661316e-05,0.06415886413305998,0.06211898848414421
94800,7.911771535873413e-05,0.06603027354925871,0.07035397738218307
95000,6.543472409248352e-05,0.06489595223218203,0.055881135165691376
95000,6.543472409248352e-05,0.06489595223218203,0.055881135165691376
95200,6.65709376335144e-05,0.06501787737011909,0.0731588751077652
95400,7.152929902076721e-05,0.06384667957201601,0.05783218890428543
95600,6.559863686561584e-05,0.06450604012236,0.06502377241849899
95800,7.332116365432739e-05,0.06426556283608079,0.06626627594232559
96000,8.099153637886047e-05,0.06558207653462887,0.05189249664545059
96000,8.099153637886047e-05,0.06558207653462887,0.05189249664545059
96200,7.045641541481018e-05,0.0664045205898583,0.061764612793922424
96400,6.657466292381287e-05,0.06514257486909628,0.0614548958837986
96600,6.293505430221558e-05,0.06593247836455703,0.06043758988380432
96800,6.076321005821228e-05,0.06492214221507311,0.057015735656023026
97000,5.988776683807373e-05,0.06484513152390718,0.06944672018289566
97000,5.988776683807373e-05,0.06484513152390718,0.06944672018289566
97200,7.569044828414917e-05,0.06472548229619861,0.058779750019311905
97400,7.760897278785706e-05,0.06404752122238279,0.06126504763960838
97600,4.3544918298721313e-05,0.06458044182509184,0.07352545112371445
97800,6.654113531112671e-05,0.06528109902516008,0.0638306513428688
98000,7.737055420875549e-05,0.06478029722347856,0.061160407960414886
98000,7.737055420875549e-05,0.06478029722347856,0.061160407960414886
98200,6.561353802680969e-05,0.06503776064142584,0.06285563111305237
98400,6.621330976486206e-05,0.06368510358035565,0.0663592666387558
98600,7.292255759239197e-05,0.0636022362112999,0.06709030270576477
98800,0.00010551884770393372,0.06379904069006442,0.06661829352378845
99000,5.7674944400787354e-05,0.06448067765682935,0.04692944884300232
99000,5.7674944400787354e-05,0.06448067765682935,0.04692944884300232
99200,8.086860179901123e-05,0.06370554463937879,0.0628976821899414
99400,5.3472816944122314e-05,0.06242936350405216,0.05578146129846573
99600,4.764646291732788e-05,0.06253442566841841,0.06708240509033203
99800,6.079673767089844e-05,0.06433085875585676,0.06750902533531189
100000,6.715953350067139e-05,0.06216850122436881,0.06587257236242294
100000,6.715953350067139e-05,0.06216850122436881,0.06587257236242294
